"price","discount","brand name"
"?261","Plus","New Latest Designer Combo of 2 Analog Watch  - For Men ..."
"?329","Become a Seller","Bleed Blue Day and Date Functioning Strap Adult Quartz ..."
"?1,148","Cart","Analog Watch  - For Men AS000010E"
"?1,167","Filters","Analog Watch  - For Men PE000017D"
"?199","CATEGORIES","Combo of 2 Analog Watch Special Summer Collection Analo..."
"?4,272","","Decker Analog Watch  - For Men CH2647"
"?2,499","","Analog Watch  - For Men Trendy Stylish Sports Casual Lu..."
"?239","Price","TIMEWEAR White Number Dial Brown Leather Strap Analog W..."
"?679","?","Analog Watch  - For Men TW00ZR347"
"?849","1170 MORE","Minimalists Analog Watch  - For Men 38024PP25"
"?319","Need help?","1164-BR Brown Day and Date Unique New Analog Watch  - F..."
"?444","Help me decide","Fogg Elite Series Gold Platted Premium Analog Watch  - ..."
"?4,997","Showing 1 – 40 of 17,838 results for ""watches for men""","Briggs Analog Watch  - For Men CH2927I"
"?3,247","watches for men","Kronos Analog Watch  - For Men 3287QM04"
"?319","Sort By","2046-BK Day and Date Analog Watch  - For Men 2046-BK"
"?1,297","Sponsored","Analog Watch  - For Men NP1773SM01"
"?369","73% off","Boys Stylish Attractive And Unique Analog Watch  - For ..."
"?444","Sponsored","Digital Army Green Sports Digital Watch  - For Men 800"
"?4,495","83% off","Analog Watch  - For Men AUTOMATIC GOLD WATCH"
"?424","60% off","Analog Watch  - For Men LD-BK054-BLACK"
"?549","55% off","Day & Date Original HMTS Gold Plated Adjsutable HMTS Br..."
"?329","86% off","Day and Date Function Steel Strap Quartz Analog Watch  ..."
"?435","57% off","Volt Analog Watch  - For Men 77085PP04"
"?419","50% off","Volt Analog Watch  - For Men 77085PP03"
"?1,251","Sponsored","Analog Watch  - For Men NP1773YL03"
"?6,747","70% off","Hampton Analog Watch  - For Men AX2163"
"?339","54% off","Day and Date Functioning Steel Strap New Quartz Analog ..."
"?444","5% off","Digital Army Sports Analog Watch  - For Men EH-800-BK"
"?7,497","Sponsored","MACHINE Watch  - For Men FS4662"
"?5,497","81% off","RHETT Analog Watch  - For Men BQ1009"
"?4,300","Sponsored","Analog Watch  - For Men KRWGO9005901"
"?11,577","85% off","Analog Watch  - For Men PLPEWJP2108302"
"?2,039","50% off","Analog Watch  - For Men TWHG03SMU22"
"?1,145","50% off","Analog Watch  - For Men 3240SL01"
"?999","78% off","Endurance Series Analog-Digital Watch  - For Men CT 336..."
"?299","45% off","Trending Day & Date Functioning for Boys Analog Watch  ..."
"?4,795","Sponsored","After Dark Analog Watch  - For Men 3270NL01"
"?6,794","63% off","G-Shock ( DW-5600BB-1DR ) Analog Watch  - For Men G363"
"?894","Sponsored","Tees Analog Watch  - For Men 68011PP08"
"?1,257","82% off","Analog Watch  - For Men NP1773SL01"
"?4,795","35% off",
"?1,167","80% off",
"?7,497","Sponsored",
"?3,247","86% off",
"?424","Sponsored",
,"82% off",
,"40% off",
,"42% off",
,"45% off",
,"55% off",
,"Sponsored",
,"83% off",
,"Sponsored",
,"82% off",
,"50% off",
,"50% off",
,"Sponsored",
,"60% off",
,"Sponsored",
,"40% off",
,"60% off",
,"45% off",
,"80% off",
,"83% off",
,"Sponsored",
,"4% off",
,"Sponsored",
,"5% off",
,"40% off",
,"Page 1 of 446",
,"Next",
,"",
,"Did you find what you were looking for?",
,"Yes",
,"No",
,"20 Ratings&3 Reviews",
,"20 Ratings",
,"&3 Reviews",
,"&",
,"3 Reviews",
,"4% off",
,"Read full review",
,"Read full review",
,"Certified Buyer",
,"Read full review",
,"Read full review",
,"Certified Buyer",
,"43,122 Ratings&3,948 Reviews",
,"43,122 Ratings",
,"&3,948 Reviews",
,"&",
,"3,948 Reviews",
,"55% off",
,"Read full review",
,"Read full review",
,"Certified Buyer",
,"Read full review",
,"Read full review",
,"Certified Buyer",
,"8,588 Ratings&768 Reviews",
,"8,588 Ratings",
,"&768 Reviews",
,"&",
,"768 Reviews",
,"50% off",
,"Read full review",
,"Read full review",
,"Certified Buyer",
,"Read full review",
,"Read full review",
,"Certified Buyer",
,"50 Ratings&6 Reviews",
,"50 Ratings",
,"&6 Reviews",
,"&",
,"6 Reviews",
,"50% off",
,"Read full review",
,"Read full review",
,"Certified Buyer",
,"Read full review",
,"Read full review",
,"Certified Buyer",
,"2,728 Ratings&262 Reviews",
,"2,728 Ratings",
,"&262 Reviews",
,"&",
,"262 Reviews",
,"80% off",
,"Read full review",
,"Read full review",
,"Certified Buyer",
,"Read full review",
,"Read full review",
,"Certified Buyer",
,"Mail Us:",
,"Registered Office Address:",
,"Become a Seller",
,"Advertise",
,"Gift Cards",
,"Help Center",
,"© 2007-2023 Flipkart.com",
,"Flipkart.com",
,"Back to top",
